exposure_1,exposure_2,ctr_1,ctr_2,effect_size,relative_decline,p_value,significant
1,5,0.3067075131497347,0.4134479092841956,-0.1067403961344609,-0.3480201545710105,1.5010767779793076e-128,True
1,10,0.3067075131497347,0.5341545352743561,-0.22744702212462137,-0.7415762978508507,1.3839859968475987e-95,True
1,20,0.3067075131497347,0.8323353293413174,-0.5256278161915826,-1.713775482033826,1.568784688838464e-48,True
5,10,0.4134479092841956,0.5341545352743561,-0.12070662599016047,-0.2919512308071419,1.3134013165572882e-21,True
10,20,0.5341545352743561,0.8323353293413174,-0.2981807940669613,-0.5582294530435984,2.1145873980129486e-13,True
