comparison,n_pairs,mean_ctr_exp1,mean_ctr_exp_n,mean_change,std_error,t_statistic,p_value
Exp 1 vs 2,58648,0.44472104760605646,0.3405231209930432,-0.10419792661301323,0.0024958790995087653,-41.74798636421032,0.0
Exp 1 vs 3,31720,0.49593316519546027,0.3539092055485498,-0.14202395964691047,0.0034418892666586358,-41.263372712969975,0.0
Exp 1 vs 5,13664,0.5284689695550351,0.3850263466042155,-0.14344262295081966,0.005330582803985518,-26.909369617818005,1.8550121401237825e-155
Exp 1 vs 10,3607,0.555309121153313,0.43332409204324923,-0.12198502911006376,0.010515812207744857,-11.600152865055986,1.4260459459647014e-30
