exposure_1,exposure_2,ctr_1,ctr_2,absolute_decline,relative_decline_pct,n_pairs,z_statistic,p_value,significant_at_05
1,2,0.44472104760605646,0.3405231209930432,0.10419792661301325,23.42995169082126,58648,36.53876145241302,0.0,True
1,3,0.49593316519546027,0.3539092055485498,0.14202395964691045,28.637721696014236,31720,36.18223013048382,0.0,True
1,5,0.5284689695550351,0.3850263466042155,0.1434426229508196,27.14305497853482,13664,23.80198508026181,0.0,True
1,10,0.555309121153313,0.43332409204324923,0.12198502911006376,21.967049425861205,3607,10.36150071328558,0.0,True
2,5,0.44745316159250587,0.3850263466042155,0.06242681498829039,13.951586522734704,13664,10.467815765426874,0.0,True
5,10,0.4704740781813141,0.43332409204324923,0.03714998613806486,7.896287566293457,3607,3.17004724523261,0.0015241415342959197,True
