category,cohort_size,ctr_exp1,ctr_exp_n,ctr_exp3,absolute_decline,relative_decline_pct,n_exp1,n_exp_n,z_statistic,p_value,significant
Large,11255,0.49222567747667706,0.36872501110617506,0.36872501110617506,0.123500666370502,25.09025270758123,11255,11255,18.710984828814777,0.0,True
Small,9834,0.49857636770388447,0.33689241407362214,0.33689241407362214,0.16168395363026233,32.42912502549459,9834,9834,22.9882726374921,0.0,True
Medium,10631,0.49741322547267425,0.35396481986642836,0.35396481986642836,0.1434484056062459,28.838880484114977,10631,10631,21.15183268763134,0.0,True
