category,cohort_size,ctr_exp1,ctr_exp_n,ctr_exp3,absolute_decline,relative_decline_pct,n_exp1,n_exp_n,z_statistic,p_value,significant
Medium CTR,10816,0.4973187869822485,0.3470784023668639,0.3470784023668639,0.15024038461538464,30.210076222346167,10816,10816,22.36955473611783,0.0,True
Low CTR,9853,0.41063635440982443,0.2644879732061301,0.2644879732061301,0.14614838120369433,35.59070687098369,9853,9853,21.692709823277628,0.0,True
High CTR,11051,0.5706270925708081,0.4403221427925075,0.4403221427925075,0.13030494977830065,22.83539486203616,11051,11051,19.373261245150996,0.0,True
