category,cohort_size,ctr_exp1,ctr_exp_n,ctr_exp3,absolute_decline,relative_decline_pct,n_exp1,n_exp_n,z_statistic,p_value,significant
Morning (6-12),16422,0.48921394799054374,0.34604505998244417,0.34604505998244417,0.14316888800809957,29.265087104766472,6768,10253,18.63703602317999,0.0,True
Afternoon (12-18),18257,0.5117813383600377,0.35594120772091375,0.35594120772091375,0.15584013063912394,30.45053013040709,7427,11294,21.150957713886815,0.0,True
Night (0-6),6707,0.5263157894736842,0.36674043629465697,0.36674043629465697,0.1595753531790272,30.31931710401517,1501,3163,10.3219749298255,0.0,True
Evening (18-24),11966,0.5202652910832719,0.35634807417974323,0.35634807417974323,0.16391721690352867,31.506467894913374,4071,7010,16.873549296676696,0.0,True
