category,base_ctr,decay_rate,r_squared,n_samples,ctr_trend,first_ctr,last_ctr
Medium CTR,0.48533405613312514,3.4057379325365447e-19,2.220446049250313e-16,169462,increasing,0.30010269086414815,0.6538461538461539
Low CTR,0.35969558170141985,1.3975244191743717e-20,0.0,166993,increasing,0.23643748692559793,0.5094339622641509
High CTR,0.6300249880560566,1.8610834896736735e-16,-2.2426505097428162e-14,162426,increasing,0.3876468091127777,0.8301886792452831
