model,auc_roc,accuracy
Logistic Regression,0.7073292101620474,0.761219512195122
Random Forest,0.7029026987084083,0.7651219512195122
Gradient Boosting,0.7024080092211942,0.7663414634146342
XGBoost,0.7033551070428693,0.7673170731707317
