{
  "sample_date": "2025-11-30T14:30:00.449338",
  "sample_rate": 0.01,
  "random_seed": 42,
  "original_size": 16468027,
  "sample_size": 164681,
  "click_rate": 0.36115884649716723
}